{"width":796.6666870117188,"height":680.0,"x":3.3333332538604736,"y":0.0,"isMaximized":false,"darkTheme":false}